Legal Practitioner,Specialization, Location,Experience (Years),Description
Advocate Alice,Family Law,Delhi,10,Experienced family lawyer specializing in divorce and child custody cases.
Document Writer Bob,Contract Law,Mumbai,5,"Skilled in drafting various legal contracts, including business agreements and leases."
Arbitrator Carol,Property Law,Bangalore,8,Expert in resolving property disputes through arbitration and mediation.
Mediator Dave,Labor Law,Chennai,7,"Experienced labor mediator, helping parties reach fair resolutions in workplace disputes."
Notary Eve,Notary Services,Kolkata,3,Licensed notary public offering notarization services for various legal documents.
Advocate Frank,Personal Injury Law,Delhi,12,Dedicated personal injury attorney with a strong track record of successful claims.
Lawyer Grace,Intellectual Property Law,Bengaluru,9,Specializes in patent and trademark law helping clients protect their intellectual property.
Attorney Henry,Environmental Law,Chennai,6,Experienced environmental lawyer advocating for sustainable practices and regulatory compliance.
Legal Advisor Irene,Corporate Law,Mumbai,11,"Seasoned corporate attorney advising businesses on mergers acquisitions and compliance matters."
Solicitor Jack,Immigration Law,Hyderabad,8,Immigration expert assisting individuals and families with visa applications and immigration cases.
Counselor Kelly,Criminal Defense Law,Kolkata,7,"Skilled criminal defense attorney defending clients facing a range of criminal charges."
Advocate Liam,Family Law,Pune,9,Experienced family lawyer handling divorce child custody and spousal support cases.
Barrister Maria,Real Estate Law,Delhi,10,"Real estate legal expert handling property transactions disputes and land use issues."
Legal Consultant Noah,Employment Law,Bengaluru,6,"Employment law consultant assisting businesses with HR policies disputes and compliance."
Paralegal Olivia,Estate Planning Law,Mumbai,5,"Estate planning paralegal helping clients with wills trusts and probate proceedings."
Notary Public Paul,Notary Services,Chennai,4,Providing notarization services for legal documents affidavits and oaths.
Solicitor Quentin,Employment Law,Delhi,7,Experienced in labor law representing employees and employers in workplace disputes.
Mediator Rachel,Family Mediation,Bengaluru,8,Skilled mediator helping families navigate divorce and custody matters amicably.
Advocate Samuel,Criminal Law,Mumbai,10,Criminal defense attorney with a strong track record of achieving favorable verdicts.
Legal Consultant Tina,Healthcare Law,Chennai,6,Advises healthcare providers on compliance regulations and medical malpractice cases.
Barrister Victor,Contract Law,Hyderabad,9,Expert in drafting and negotiating complex contracts for businesses.
Lawyer Wendy,Immigration Law,Kolkata,5,Immigration lawyer specializing in visa applications and deportation defense.
Counselor Xavier,Intellectual Property Law,Pune,8,Protects intellectual property rights through patents trademarks and copyrights.
Attorney Yara,Real Estate Law,Delhi,11,Experienced in real estate transactions zoning laws and property disputes.
Notary Public Zane,Notary Services,Bengaluru,4,Provides notarization services for legal documents and affidavits.
Advocate Amelia,Family Law,Mumbai,12,Dedicated family attorney handling complex divorces and child custody cases.
Legal Advisor Blake,Corporate Law,Chennai,7,Corporate attorney advising on mergers acquisitions and business contracts.
Paralegal Dylan,Immigration Law,Hyderabad,3,Assists with immigration paperwork green card applications and visas.
Lawyer Fiona,Environmental Law,Kolkata,9,Environmental attorney advocating for eco-friendly practices and regulations.
Solicitor George,Criminal Defense Law,Pune,6,Skilled criminal defense lawyer defending clients in serious criminal cases.
Counselor Hannah,Employment Law,Delhi,8,Represents employees in workplace discrimination and harassment claims.
Attorney Ian,Estate Planning Law,Bengaluru,10,Estate planning lawyer helping clients with wills trusts and probate.
Barrister Jasmine,Property Law,Mumbai,11,Expert in resolving property disputes through arbitration and mediation.
Legal Consultant Kevin,Personal Injury Law,Chennai,7,Personal injury attorney with a strong record of winning compensation.
Mediator Lara,Labor Law,Hyderabad,5,Experienced labor mediator facilitating fair resolutions in workplace disputes.
Notary Public Mia,Notary Services,Kolkata,4,Licensed notary public offering notarization services for legal documents.
Advocate Noah,Tax Law,Pune,8,Specializes in tax planning IRS negotiations and resolving tax disputes.
Legal Advisor Olivia,Family Law,Delhi,9,Family attorney handling child support adoption and paternity cases.
Attorney Paul,Intellectual Property Law,Bengaluru,7,Intellectual property lawyer protecting patents trademarks and copyrights.
Lawyer Quinn,Criminal Law,Mumbai,6,Criminal defense attorney with a focus on white-collar crimes and fraud cases.
Solicitor Ruby,Real Estate Law,Chennai,10,Handles real estate transactions property development and land use matters.
Legal Consultant Simon,Corporate Law,Hyderabad,8,Corporate attorney assisting startups and established companies.
Barrister Taylor,Environmental Law,Kolkata,7,Environmental lawyer advocating for sustainable practices and clean energy.
Advocate Ulysses,Immigration Law,Pune,6,Immigration attorney assisting with asylum applications and deportation defense.
Mediator Vicky,Family Mediation,Delhi,8,Experienced mediator helping divorcing couples reach amicable settlements.
Notary Public Willow,Notary Services,Bengaluru,5,Notary public providing notarization services for legal and official documents.
Legal Advisor Xavier,Healthcare Law,Mumbai,9,Advises healthcare organizations on regulatory compliance and medical malpractice.
Attorney Yara,Contract Law,Chennai,7,Expert contract lawyer for businesses ensuring clarity and legal protection.
Solicitor Zane,Intellectual Property Law,Hyderabad,6,Protects intellectual property rights through patents trademarks and copyrights.
Counselor Amelia,Real Estate Law,Kolkata,8,Handles property transactions zoning regulations and title disputes.
Lawyer Blake,Immigration Law,Pune,5,Immigration attorney assisting clients with visas green cards and naturalization.
Paralegal Carol,Family Law,Delhi,3,Family law paralegal supporting clients in divorce and custody cases.
Barrister Dylan,Environmental Law,Bengaluru,10,Environmental advocate promoting eco-friendly practices and compliance.
Advocate Fiona,Personal Injury Law,Mumbai,7,Personal injury lawyer fighting for clients' rights and compensation.
Legal Consultant George,Criminal Defense Law,Chennai,8,Experienced criminal defense attorney for serious criminal cases.
Mediator Hannah,Employment Law,Hyderabad,6,Labor mediator assisting in resolving workplace disputes and grievances.
Notary Public Ian,Notary Services,Kolkata,4,Licensed notary public for notarizing legal documents and oaths.
Advocate Jasmine,Family Law,Pune,11,Experienced family attorney handling divorce child custody and adoption matters.
Legal Advisor Kevin,Corporate Law,Delhi,9,Corporate attorney advising on merger
Counselor Lara,Real Estate Law,Bengaluru,9,Handles real estate transactions property development and land use matters.
Attorney Mia,Employment Law,Mumbai,6,Represents employees and employers in workplace disputes and labor issues.
Legal Consultant Noah,Family Law,Chennai,7,Family attorney handling child support adoption and paternity cases.
Paralegal Olivia,Intellectual Property Law,Hyderabad,5,Supports clients in patent and trademark filings and intellectual property matters.
Lawyer Paul,Corporate Law,Kolkata,8,Corporate attorney specializing in mergers acquisitions and business contracts.
Barrister Quinn,Immigration Law,Pune,6,Immigration lawyer assisting clients with visas green cards and naturalization.
Solicitor Ruby,Healthcare Law,Delhi,7,Advises healthcare providers on compliance regulations and medical malpractice cases.
Legal Advisor Simon,Environmental Law,Bengaluru,9,Environmental attorney advocating for sustainable practices and clean energy.
Mediator Taylor,Contract Law,Mumbai,8,Expert in drafting and negotiating various contracts for businesses.
Advocate Ulysses,Intellectual Property Law,Chennai,7,Protects intellectual property rights through patents trademarks and copyrights.
Lawyer Vicky,Real Estate Law,Hyderabad,6,Handles property transactions zoning regulations and title disputes.
Counselor Willow,Criminal Defense Law,Kolkata,8,Experienced criminal defense attorney defending clients facing a range of criminal charges.
Attorney Xavier,Family Mediation,Pune,7,Skilled family mediator assisting divorcing couples in reaching amicable settlements.
Solicitor Yara,Immigration Law,Delhi,9,Immigration attorney handling visa applications deportation defense and immigration cases.
Legal Consultant Zane,Personal Injury Law,Bengaluru,5,Personal injury attorney advocating for clients injured in accidents.
Barrister Amelia,Labor Law,Mumbai,6,Experienced labor attorney helping parties reach fair resolutions in workplace disputes.
Mediator Blake,Environmental Law,Chennai,8,Environmental advocate working on conservation and sustainability initiatives.
Advocate Carol,Tax Law,Hyderabad,7,Specializes in tax planning IRS negotiations and resolving tax disputes.
Paralegal Dylan,Employment Law,Kolkata,5,Supports employment lawyers in HR policies disputes and compliance.
Notary Public Fiona,Family Law,Pune,4,Licensed notary public offering notarization services for legal documents.
Attorney George,Immigration Law,Delhi,8,Immigration lawyer assisting individuals and families with visa applications and green cards.
Legal Advisor Hannah,Real Estate Law,Bengaluru,9,Handles real estate transactions property development and land use issues.
Solicitor Ian,Contract Law,Mumbai,6,Contract lawyer specializing in drafting reviewing and negotiating agreements.
Lawyer Jasmine,Intellectual Property Law,Chennai,7,Intellectual property attorney helping clients protect their patents trademarks and copyrights.
Counselor Kevin,Criminal Defense Law,Hyderabad,8,Experienced criminal defense attorney defending clients in serious criminal cases.
Attorney Lara,Employment Law,Kolkata,5,Represents employees and employers in workplace discrimination and harassment claims.
Barrister Mia,Estate Planning Law,Pune,9,Estate planning lawyer helping clients with wills trusts and probate.
Legal Consultant Noah,Real Estate Law,Delhi,10,Manages property transactions disputes and land use issues.
Paralegal Olivia,Corporate Law,Bengaluru,7,Supports corporate attorneys in mergers acquisitions and compliance matters.
Lawyer Paul,Immigration Law,Mumbai,6,Immigration lawyer specializing in visa applications and deportation defense.
Solicitor Quinn,Intellectual Property Law,Chennai,8,Intellectual property attorney assisting with patents trademarks and copyrights.
Legal Advisor Ruby,Environmental Law,Hyderabad,7,Environmental advocate working on conservation pollution control and green initiatives.
Mediator Simon,Family Mediation,Kolkata,9,Experienced family mediator helping divorcing couples reach amicable settlements.
Advocate Taylor,Healthcare Law,Pune,6,Advises healthcare providers on compliance regulations and medical malpractice cases.
Notary Public Ulysses,Real Estate Law,Delhi,5,Provides notarization services for real estate documents and legal contracts.
Counselor Vicky,Corporate Law,Bengaluru,7,Corporate attorney advising businesses on legal compliance governance and contracts.
Legal Consultant Willow,Immigration Law,Mumbai,8,Immigration expert assisting individuals and families with visa applications and green cards.
Attorney Xavier,Personal Injury Law,Chennai,9,Personal injury attorney advocating for clients injured in accidents.
Barrister Yara,Employment Law,Hyderabad,6,Experienced employment attorney handling workplace disputes discrimination and termination cases.
Lawyer Zane,Family Law,Kolkata,7,Family lawyer specializing in divorce child custody and spousal support cases.
Attorney Alice,Family Law,Delhi,10,Experienced family lawyer specializing in divorce and child custody cases.
Legal Advisor Bob,Family Law,Mumbai,8,Family attorney dedicated to resolving complex divorce and alimony disputes.
Counselor Carol,Marriage Law,Bangalore,9,Marriage counselor providing guidance and support for couples facing challenges.
Advocate Dave,Court Marriage Law,Chennai,7,Expert in legal procedures for court marriages and marriage registration.
Mediator Eve,Family Mediation,Hyderabad,6,Skilled family mediator helping couples find amicable solutions in divorce.
Solicitor Frank,Dowry Law,Kolkata,5,Dedicated to fighting against dowry-related issues and advocating for justice.
Lawyer Grace,Divorce Law,Pune,8,Divorce attorney guiding clients through the legal complexities of separation.
Barrister Henry,Child Custody Law,Delhi,9,Child custody lawyer ensuring the best interests of children in divorce cases.
Legal Consultant Irene,Spousal Support Law,Mumbai,7,Assisting clients in negotiating fair spousal support arrangements.
Paralegal Jack,Marriage Registration Law,Bangalore,6,Handles legal formalities for marriage registration and documentation.
Attorney Adam,Criminal Defense Law,Delhi,9,Experienced criminal defense attorney defending clients in serious criminal cases.
Legal Advisor Brenda,White-Collar Crime Law,Mumbai,8,Specializes in white-collar crimes defense including fraud and embezzlement cases.
Counselor Chris,Drug Offense Law,Bangalore,7,Defends clients facing drug-related charges from possession to trafficking.
Advocate David,Assault and Battery Law,Chennai,8,Expert in representing clients charged with assault and battery offenses.
Mediator Emily,Juvenile Defense Law,Hyderabad,6,Skilled juvenile defense attorney protecting the rights of young clients.
Solicitor Fred,Domestic Violence Law,Kolkata,7,Advocates for victims and defends those accused in domestic violence cases.
Lawyer Grace,Homicide Law,Pune,9,Homicide attorney with a strong track record of defending clients in murder cases.
Barrister Henry,Sex Crimes Law,Delhi,8,Experienced in sex crimes defense including rape and sexual assault cases.
Legal Consultant Irene,Drug Trafficking Law,Mumbai,7,Assists clients facing drug trafficking charges both locally and internationally.
Paralegal Jack,Robbery and Theft Law,Bangalore,6,Supports criminal lawyers in cases involving robbery and theft offenses.
Advisor Alex,Construction Law,Delhi,8,Experienced legal advisor specializing in construction law and contract disputes.
Consultant Ben,Real Estate Development Law,Mumbai,7,Advises clients on real estate development projects and land use regulations.
Counselor Charlie,Contract Negotiation Law,Bangalore,9,Skilled in negotiating contracts for construction projects ensuring clarity and legal protection.
Attorney Daniel,Environmental Compliance Law,Chennai,6,Ensures construction projects comply with environmental regulations and sustainability standards.
Legal Expert Emily,Zoning and Permitting Law,Hyderabad,7,Navigates zoning laws and obtains permits for construction and development projects.
Lawyer Fred,Construction Arbitration Law,Kolkata,8,Resolves construction disputes through arbitration avoiding costly litigation.
Construction Advisor Grace,Infrastructure Law,Pune,7,Advises on infrastructure projects including roads bridges and public works.
Legal Consultant Henry,Construction Contracts Law,Delhi,9,Specializes in drafting and reviewing construction contracts for builders and contractors.
Solicitor Irene,Property Development Law,Mumbai,8,Guides clients through property development processes from acquisition to construction.
Legal Counselor Jack,Building Code Compliance Law,Bangalore,7,Ensures construction projects meet building code requirements and safety standards.
Advisor Laura,Divorce Law,Delhi,9,Experienced divorce attorney helping clients navigate separation and custody matters.
Advisor Michael,Real Estate Law,Mumbai,8,Manages property transactions land disputes and real estate contracts.
Advisor Sophia,Criminal Defense Law,Bangalore,7,Defends individuals facing criminal charges with a focus on DUI cases.
Advisor Daniel,Contract Law,Chennai,9,Expert in drafting and reviewing legal agreements for businesses and individuals.
Advisor Sarah,Notary Services,Hyderabad,6,Licensed notary public offering notarization services for legal documents.
Advisor Benjamin,Personal Injury Law,Kolkata,8,Dedicated personal injury lawyer advocating for accident victims.
Advisor Olivia,Employment Law,Pune,7,Represents employees in wrongful termination and workplace harassment cases.
Advisor James,Immigration Law,Delhi,8,Immigration expert assisting with visa applications and deportation defense.
Advisor Emily,Corporate Law,Mumbai,9,Advises businesses on corporate governance mergers and compliance matters.
Advisor Ethan,Intellectual Property Law,Bangalore,8,Protects intellectual property rights through patents trademarks and copyrights.
Legal Advisor Alice,Family Law,Delhi,10,Experienced family lawyer handling various family issues including divorce child custody and domestic disputes.
Document Writer Bob,Contract Law,Mumbai,5,Skilled in drafting legal contracts business agreements leases and other legal documents.
Arbitrator Carol,Property Law,Bangalore,8,Expert in resolving property disputes through arbitration mediation and legal proceedings.
Mediator Dave,Labor Law,Chennai,7,Experienced labor mediator facilitating resolutions in workplace disputes and labor issues.
Notary Eve,Notary Services,Kolkata,3,Licensed notary public offering notarization services for legal documents affidavits and oaths.
Advocate Frank,Personal Injury Law,Delhi,12,Dedicated personal injury attorney specializing in accidents injuries and compensation claims.
Lawyer Grace,Intellectual Property Law,Bengaluru,9,Specializes in patent trademark and copyright law protecting intellectual property rights.
Attorney Henry,Environmental Law,Chennai,6,Experienced environmental lawyer advocating for eco-friendly practices and environmental protection.
Legal Consultant Irene,Corporate Law,Mumbai,11,Seasoned corporate attorney advising businesses on mergers acquisitions corporate governance and compliance matters.
Solicitor Jack,Immigration Law,Hyderabad,8,Immigration expert assisting individuals and families with visa applications asylum cases and immigration matters.
Advisor Laura,Employment Law,Mumbai,9,Experienced employment attorney handling cases of unpaid internships and wage disputes.
Advisor Michael,Labor Law,Bengaluru,8,Specializes in labor law helping employees recover unpaid wages and resolve work-related issues.
Advisor Sophia,Contract Law,Chennai,7,Expert in contract disputes including cases of unpaid work or services.
Advisor Daniel,Employment Law,Hyderabad,9,Experienced in cases of unpaid internships wrongful termination and workplace disputes.
Advisor Sarah,Labor Law,Delhi,6,Skilled labor attorney advocating for fair compensation and addressing unpaid work issues.
Advisor Benjamin,Corporate Law,Mumbai,8,Assists employees in cases of unpaid salaries contract breaches and workplace disputes.
Advisor Olivia,Employment Law,Kolkata,7,Represents individuals facing issues related to unpaid work wage theft and labor violations.
Advisor James,Contract Law,Bengaluru,8,Contract lawyer specializing in resolving payment disputes for services and internships.
Advisor Emily,Employment Law,Chennai,9,Experienced employment attorney handling unpaid wages overtime and workplace rights.
Advisor Ethan,Labor Law,Hyderabad,7,Helps individuals pursue unpaid work claims and navigate labor disputes.
Seeking legal advice for a bankruptcy filing,Bankruptcy Lawyer
Need assistance with starting a new business venture,Business (Corporate) Lawyer
Facing criminal charges and require a defense attorney,Criminal Defense Lawyer
Planning estate matters and creating a last will,Estate Planning Lawyer
Dealing with family legal issues and divorce proceedings,Family Lawyer
Seeking help with immigration-related matters,Immigration Lawyer
Handling trademark and patent disputes,Intellectual Property Lawyer
Injured in an accident and need legal support,Personal Injury Lawyer
Have tax-related legal concerns that need resolution,Tax Lawyer
Involved in constitutional law cases,Constitutional Lawyer
Legal issues in the entertainment industry,Entertainment Lawyer
Employment disputes that require resolution,Employment and Labor Lawyer
Need a bankruptcy attorney to file for bankruptcy,Bankruptcy Lawyer
Starting a new corporation and need corporate legal advice,Business (Corporate) Lawyer
Charged with a criminal offense and require a defense lawyer,Criminal Defense Lawyer
Estate planning and will creation services needed,Estate Planning Lawyer
Legal matters related to family and divorce proceedings,Family Lawyer
Immigration assistance required for visa application,Immigration Lawyer
Trademark and patent issues in need of resolution,Intellectual Property Lawyer
Suffered injuries and need legal help,Personal Injury Lawyer
Tax-related legal concerns require expert assistance,Tax Lawyer
Involved in constitutional law cases and need representation,Constitutional Lawyer
Legal challenges in the entertainment industry,Entertainment Lawyer
Disputes with employers and employment-related matters,Employment and Labor Lawyer
Considering bankruptcy filing and need guidance,Bankruptcy Lawyer
Launching a new business and need corporate legal support,Business (Corporate) Lawyer
Facing criminal charges and need a criminal defense attorney,Criminal Defense Lawyer
Planning estate matters and drafting a last will,Estate Planning Lawyer
Legal matters involving family and divorce proceedings,Family Lawyer
Immigration issues and assistance required for immigration applications,Immigration Lawyer
Resolving trademark and patent disputes,Intellectual Property Lawyer
Injured in an accident and seeking legal assistance,Personal Injury Lawyer
Taxation issues and legal help needed,Tax Lawyer
Engaged in constitutional law cases and need legal representation,Constitutional Lawyer
Entertainment industry legal matters and challenges,Entertainment Lawyer
Employment disputes and labor law issues,Employment and Labor Lawyer
Exploring options for bankruptcy and need a bankruptcy attorney,Bankruptcy Lawyer
Starting a new corporate entity and need corporate legal counsel,Business (Corporate) Lawyer
Facing criminal charges and seeking criminal defense representation,Criminal Defense Lawyer
Estate planning and creating a last will and testament,Estate Planning Lawyer
Family legal matters and divorce proceedings assistance,Family Lawyer
Immigration assistance and visa application support,Immigration Lawyer
Resolving trademark and patent conflicts,Intellectual Property Lawyer
Legal support for personal injury cases,Personal Injury Lawyer
Tax-related legal issues and concerns,Tax Lawyer
Constitutional law cases and representation,Constitutional Lawyer
Entertainment industry legal challenges and legal counsel,Entertainment Lawyer
Employment disputes and labor law consultations,Employment and Labor Lawyer
Considering bankruptcy options and need legal advice,Bankruptcy Lawyer
Launching a new business venture and corporate legal guidance,Business (Corporate) Lawyer
Facing criminal charges and require criminal defense legal services,Criminal Defense Lawyer
Estate planning and will drafting services,Estate Planning Lawyer
Family law issues and divorce proceedings assistance,Family Lawyer
Immigration-related legal support and visa application help,Immigration Lawyer
Resolving trademark and patent issues,Intellectual Property Lawyer
Injured and seeking legal assistance for personal injury claims,Personal Injury Lawyer
Taxation matters and legal assistance required,Tax Lawyer
Legal representation for constitutional law cases,Constitutional Lawyer
Entertainment industry legal matters and consultations,Entertainment Lawyer
Employment disputes and labor law advice,Employment and Labor Lawyer
Exploring bankruptcy options and seeking legal guidance,Bankruptcy Lawyer
Starting a new corporation and need corporate legal services,Business (Corporate) Lawyer
Facing criminal charges and require criminal defense representation,Criminal Defense Lawyer
Estate planning and creating a last will,Estate Planning Lawyer
Legal issues related to family and divorce proceedings,Family Lawyer
Immigration assistance and visa application support,Immigration Lawyer
Trademark and patent dispute resolution,Intellectual Property Lawyer
Injured in an accident and need legal support for personal injury claims,Personal Injury Lawyer
Tax-related legal concerns and assistance,Tax Lawyer
Representation for constitutional law cases,Constitutional Lawyer
Legal matters in the entertainment industry and professional advice,Entertainment Lawyer
Employment disputes and labor law consultations,Employment and Labor Lawyer
Considering bankruptcy and need legal counsel,Bankruptcy Lawyer
Starting a new business and require corporate legal support,Business (Corporate) Lawyer
Facing criminal charges and need criminal defense attorney,Criminal Defense Lawyer
Estate planning and will creation,Estate Planning Lawyer
Family law matters and divorce proceedings assistance,Family Lawyer
Immigration assistance and support for visa applications,Immigration Lawyer
Resolving trademark and patent disputes,Intellectual Property Lawyer
Injured and seeking legal help for personal injuries,Personal Injury Lawyer
Taxation issues and legal assistance,Tax Lawyer
Constitutional law cases and legal representation,Constitutional Lawyer
Legal challenges in the entertainment industry,Entertainment Lawyer
Employment disputes and labor law guidance,Employment and Labor Lawyer
Exploring bankruptcy options and need legal advice,Bankruptcy Lawyer
Starting a new corporation and require corporate legal counsel,Business (Corporate) Lawyer
Criminal charges and seeking criminal defense representation,Criminal Defense Lawyer
Estate planning and drafting a last will and testament,Estate Planning Lawyer
Family legal matters and divorce proceedings support,Family Lawyer
Immigration-related legal assistance and visa application help,Immigration Lawyer
Trademark and patent conflict resolution,Intellectual Property Lawyer
Injured and seeking legal assistance for personal injury claims,Personal Injury Lawyer
Tax-related legal issues and concerns,Tax Lawyer
Representation for constitutional law cases,Constitutional Lawyer
Entertainment industry legal challenges and consultations,Entertainment Lawyer
Employment disputes and labor law advice,Employment and Labor Lawyer
Considering bankruptcy options and seeking legal guidance,Bankruptcy Lawyer
Launching a new business venture and corporate legal support,Business (Corporate) Lawyer
Criminal charges and require criminal defense legal services,Criminal Defense Lawyer
Estate planning and will drafting services,Estate Planning Lawyer
Legal issues related to family and divorce proceedings,Family Lawyer
Immigration assistance and visa application support,Immigration Lawyer
Resolving trademark and patent issues,Intellectual Property Lawyer
Injured and seeking legal assistance for personal injury claims,Personal Injury Lawyer
Taxation matters and legal assistance required,Tax Lawyer
Legal representation for constitutional law cases,Constitutional Lawyer
Entertainment industry legal matters and consultations,Entertainment Lawyer
Employment disputes and labor law advice,Employment and Labor Lawyer
Exploring bankruptcy options and need legal advice,Bankruptcy Lawyer
Starting a new corporation and need corporate legal services,Business (Corporate) Lawyer
Facing criminal charges and require criminal defense representation,Criminal Defense Lawyer
Estate planning and creating a last will,Estate Planning Lawyer
Legal issues related to family and divorce proceedings,Family Lawyer
Immigration assistance and visa application support,Immigration Lawyer
Trademark and patent dispute resolution,Intellectual Property Lawyer
Injured in an accident and need legal support for personal injury claims,Personal Injury Lawyer
My company couldnt function properly hence it is not up, Bankruptcy Lawyer
I'm drowning in debt and don't know what to do.,Bankruptcy Lawyer
I need help starting a new business and understanding legal requirements.,Business (Corporate) Lawyer
My friend got arrested and I want to help with their case.,Criminal Defense Lawyer
I want to ensure my family is taken care of after I'm gone.,Estate Planning Lawyer
My spouse and I are getting a divorce and we need legal guidance.,Family Lawyer
I'm not sure about my immigration status and need advice.,Immigration Lawyer
I've created a new invention and need to protect it.,Intellectual Property Lawyer
I was injured in a car accident and need compensation.,Personal Injury Lawyer
I have tax issues and I'm not sure how to handle them.,Tax Lawyer
I think my rights are being violated and I need legal assistance.,Constitutional Lawyer
I work in the entertainment industry and have contract disputes.,Entertainment Lawyer
I'm having problems with my employer regarding my contract.,Employment and Labor Lawyer
My landlord is evicting me and I don't know what to do.,Real Estate Lawyer
I can't pay my bills and creditors are harassing me.,Bankruptcy Lawyer
I want to start my own restaurant and need help with permits and licenses.,Business (Corporate) Lawyer
My son got arrested for shoplifting and I need to get him out.,Criminal Defense Lawyer
I want to create a will and specify how my assets should be distributed.,Estate Planning Lawyer
My ex-spouse is not paying child support and I need legal help.,Family Lawyer
I need assistance with my green card application.,Immigration Lawyer
I wrote a book and want to protect it from plagiarism.,Intellectual Property Lawyer
I was injured in a slip and fall accident at a store.,Personal Injury Lawyer
I have a dispute with the IRS over my tax return.,Tax Lawyer
My free speech rights are being violated and I want to take action.,Constitutional Lawyer
I'm a musician and my record label isn't paying me royalties.,Entertainment Lawyer
My employer is not paying me overtime as required by law.,Employment and Labor Lawyer
My landlord is refusing to make repairs in my apartment.,Real Estate Lawyer
I lost my job and can't pay my debts,Bankruptcy Lawyer
I need legal advice for my startup,Business (Corporate) Lawyer
I was accused of a crime and need a defense,Criminal Defense Lawyer
I want to create a will for my assets,Estate Planning Lawyer
My spouse won't pay child support,Family Lawyer
I'm applying for a green card,Immigration Lawyer
I need to protect my invention from copying,Intellectual Property Lawyer
I got injured in a car accident,Personal Injury Lawyer
I have a tax dispute with the IRS,Tax Lawyer
My freedom of speech is being violated,Constitutional Lawyer
I'm a musician and not getting my royalties,Entertainment Lawyer
My employer is not paying me overtime,Employment and Labor Lawyer
My landlord refuses to fix my apartment,Real Estate Lawyer
I lost my job and can't pay my bills anymore, Bankruptcy Lawyer
I'm drowning in credit card debt and need help, Bankruptcy Lawyer
My small business is struggling to stay afloat, Bankruptcy Lawyer
I can't afford my mortgage payments, Bankruptcy Lawyer
My medical bills are piling up, Bankruptcy Lawyer
I'm being sued for unpaid debts, Bankruptcy Lawyer
My car got repossessed, Bankruptcy Lawyer
I received a foreclosure notice on my home, Bankruptcy Lawyer
My wages are being garnished due to debt, Bankruptcy Lawyer
I owe back taxes to the IRS, Bankruptcy Lawyer
I can't meet my monthly student loan payments, Bankruptcy Lawyer
I'm facing financial hardship after a divorce, Bankruptcy Lawyer
My business partners want to dissolve the company, Bankruptcy Lawyer
I'm overwhelmed by collection calls and letters, Bankruptcy Lawyer
My credit score has plummeted due to debt, Bankruptcy Lawyer
I'm considering filing for bankruptcy, Bankruptcy Lawyer
I need guidance on Chapter 7 bankruptcy, Bankruptcy Lawyer
I want to explore debt consolidation options, Bankruptcy Lawyer
I'm unsure if I qualify for Chapter 13 bankruptcy, Bankruptcy Lawyer
I need advice on managing overwhelming debt, Bankruptcy Lawyer
I want to start a partnership business with a friend and need legal advice,Business (Corporate) Lawyer
My business partner wants to leave our company and we need to revise our partnership agreement,Business (Corporate) Lawyer
I need help registering my new corporation and understanding tax implications,Business (Corporate) Lawyer
Our company is facing a contract dispute with a vendor,Business (Corporate) Lawyer
We want to merge with another company and need guidance on the process,Business (Corporate) Lawyer
I'm interested in buying an existing business and I need assistance with due diligence,Business (Corporate) Lawyer
Our company is expanding internationally and we need to navigate international trade laws,Business (Corporate) Lawyer
We want to create a franchise for our successful business model,Business (Corporate) Lawyer
I'm looking for legal advice on intellectual property protection for my business,Business (Corporate) Lawyer
Our company is facing a lawsuit related to product liability,Business (Corporate) Lawyer
I need help negotiating and drafting contracts with suppliers,Business (Corporate) Lawyer
We're considering a joint venture with another company and need a legal agreement,Business (Corporate) Lawyer
I'm interested in raising capital through private equity investors,Business (Corporate) Lawyer
We need assistance with corporate governance and compliance matters,Business (Corporate) Lawyer
I want to sell my business and I need guidance on the sale process and legal requirements,Business (Corporate) Lawyer
Our company is facing a dispute with shareholders and we need legal representation,Business (Corporate) Lawyer
I'm looking for advice on corporate restructuring to optimize our business operations,Business (Corporate) Lawyer
We're dealing with a breach of contract issue with a business partner,Business (Corporate) Lawyer
I need help resolving a dispute with a competitor over unfair business practices,Business (Corporate) Lawyer
I've been charged with shoplifting from a store, Criminal Defense Lawyer
I'm facing drug possession charges after a traffic stop, Criminal Defense Lawyer
I need a defense attorney for a DUI case, Criminal Defense Lawyer
I've been accused of assault during a bar fight, Criminal Defense Lawyer
I'm charged with domestic violence against a family member, Criminal Defense Lawyer
I'm facing charges for property theft, Criminal Defense Lawyer
I've been arrested for public intoxication, Criminal Defense Lawyer
I need legal representation for a vandalism charge, Criminal Defense Lawyer
I'm accused of identity theft and fraud, Criminal Defense Lawyer
I've been charged with breaking and entering, Criminal Defense Lawyer
I'm facing harassment charges from a neighbor, Criminal Defense Lawyer
I need a lawyer for a probation violation hearing, Criminal Defense Lawyer
I'm accused of a hit-and-run accident, Criminal Defense Lawyer
I'm facing charges for resisting arrest, Criminal Defense Lawyer
I need defense for a juvenile delinquency case, Criminal Defense Lawyer
I'm charged with disorderly conduct at a public event, Criminal Defense Lawyer
I've been accused of credit card fraud, Criminal Defense Lawyer
I'm facing charges related to drug trafficking, Criminal Defense Lawyer
I'm accused of cyberbullying and online harassment, Criminal Defense Lawyer
I need legal representation for a parole hearing, Criminal Defense Lawyer
I've been charged with first-degree murder, Criminal Defense Lawyer
I'm facing charges of armed robbery, Criminal Defense Lawyer
I need a defense attorney for a sexual assault case, Criminal Defense Lawyer
I've been accused of human trafficking, Criminal Defense Lawyer
I'm charged with kidnapping, Criminal Defense Lawyer
I'm facing charges for a major drug trafficking operation, Criminal Defense Lawyer
I've been arrested for multiple counts of embezzlement, Criminal Defense Lawyer
I need legal representation for a high-profile fraud case, Criminal Defense Lawyer
I'm accused of organized crime involvement, Criminal Defense Lawyer
I've been charged with terrorism-related offenses, Criminal Defense Lawyer
I'm facing allegations of money laundering, Criminal Defense Lawyer
I need a lawyer for a complex racketeering case, Criminal Defense Lawyer
I'm accused of international cybercrime, Criminal Defense Lawyer
I'm facing charges for large-scale public corruption, Criminal Defense Lawyer
I've been arrested for espionage and national security breaches, Criminal Defense Lawyer
I'm charged with a series of white-collar crimes including insider trading, Criminal Defense Lawyer
I need legal defense for allegations of international drug cartel involvement, Criminal Defense Lawyer
I'm accused of conspiracy to commit a major financial crime, Criminal Defense Lawyer
I'm facing serious charges related to organized violent gang activities, Criminal Defense Lawyer
I need representation for a high-stakes international terrorism case, Criminal Defense Lawyer
I want to create a will to distribute my assets to my family, Estate Planning Lawyer
I need to set up a trust for my children's education, Estate Planning Lawyer
I want to minimize estate taxes for my beneficiaries, Estate Planning Lawyer
I'm looking for guidance on naming an executor for my will, Estate Planning Lawyer
I need to designate a power of attorney for my finances, Estate Planning Lawyer
I want to protect my assets in case of incapacity, Estate Planning Lawyer
I need advice on gifting strategies to reduce my estate size, Estate Planning Lawyer
I want to avoid probate and ensure a smooth asset transfer, Estate Planning Lawyer
I need to plan for the care of my special needs child, Estate Planning Lawyer
I'm concerned about the distribution of my digital assets, Estate Planning Lawyer
I want to create a living will and healthcare proxy, Estate Planning Lawyer
I need to update my estate plan after a recent divorce, Estate Planning Lawyer
I want to leave a charitable legacy through my estate, Estate Planning Lawyer
I'm considering life insurance as part of my estate plan, Estate Planning Lawyer
I need assistance with designating beneficiaries on my accounts, Estate Planning Lawyer
I'm looking to protect my business assets in my estate plan, Estate Planning Lawyer
I need to address potential conflicts among my heirs, Estate Planning Lawyer
I want to create a succession plan for my family business, Estate Planning Lawyer
I need help with estate planning for my blended family, Estate Planning Lawyer
I want to ensure my pets are cared for in my estate plan, Estate Planning Lawyer
My spouse and I are getting a divorce and need to decide child custody arrangements.,Family Lawyer
I want to create a legal agreement for shared parenting responsibilities.,Family Lawyer
I'm looking to adopt a child and need guidance through the adoption process.,Family Lawyer
I need help in establishing paternity for my child.,Family Lawyer
I want to modify the child support arrangement after a change in financial circumstances.,Family Lawyer
My ex-spouse is not following the visitation schedule and I need legal assistance.,Family Lawyer
I need to draft a prenuptial agreement before getting married.,Family Lawyer
I want to obtain a restraining order against an abusive family member.,Family Lawyer
I need help with property division as part of my divorce proceedings.,Family Lawyer
I'm seeking legal advice regarding spousal support obligations.,Family Lawyer
I'm facing issues with a joint custody arrangement and need legal intervention.,Family Lawyer
I need assistance with the legal aspects of grandparent visitation rights.,Family Lawyer
I want to legally change my child's name.,Family Lawyer
I'm dealing with issues related to child abduction or parental kidnapping.,Family Lawyer
I need help enforcing a court-ordered child custody agreement.,Family Lawyer
I'm facing allegations of child neglect or abuse and need legal representation.,Family Lawyer
I want to understand my rights and responsibilities as a stepparent.,Family Lawyer
I need to resolve disputes related to the division of marital assets.,Family Lawyer
I want to create a will that includes provisions for guardianship of my children.,Family Lawyer
I need assistance with issues related to child guardianship or custody by a non-parent.,Family Lawyer
I want to sponsor my spouse for a green card,Immigration Lawyer
My visa is expiring and I need help with an extension,Immigration Lawyer
I'm applying for U.S. citizenship,Immigration Lawyer
My work visa application got rejected,Immigration Lawyer
I need assistance with a family reunification visa,Immigration Lawyer
I'm facing deportation proceedings,Immigration Lawyer
I want to bring my parents to the United States,Immigration Lawyer
I'm marrying a foreign national and need a fianc√© visa,Immigration Lawyer
My asylum application needs legal support,Immigration Lawyer
I want to travel while my green card is pending,Immigration Lawyer
I need help with a student visa for my child,Immigration Lawyer
I'm a victim of human trafficking and need a T visa,Immigration Lawyer
I'm a DACA recipient and need legal advice,Immigration Lawyer
I'm facing a visa overstay issue,Immigration Lawyer
I want to apply for a work permit,Immigration Lawyer
I need assistance with a visa for extraordinary abilities,Immigration Lawyer
I'm applying for a green card through employment,Immigration Lawyer
My H1-B visa is expiring soon,Immigration Lawyer
I'm adopting a child from another country and need a visa,Immigration Lawyer
I'm a victim of a crime and need a U visa,Immigration Lawyer
My invention got copied, Intellectual Property Lawyer
Someone is using my company's logo without permission, Intellectual Property Lawyer
I want to trademark my new business name, Intellectual Property Lawyer
My book was published without my permission, Intellectual Property Lawyer
I need to protect my software code from being stolen, Intellectual Property Lawyer
My song lyrics were used in a commercial without my consent, Intellectual Property Lawyer
I invented a new gadget and want to patent it, Intellectual Property Lawyer
I need to copyright my photography portfolio, Intellectual Property Lawyer
Someone is selling counterfeit products with my brand, Intellectual Property Lawyer
My artwork is being reproduced and sold without my permission, Intellectual Property Lawyer
I have a unique business process and want to protect it, Intellectual Property Lawyer
My idea for a mobile app was stolen, Intellectual Property Lawyer
I need to protect my trade secrets, Intellectual Property Lawyer
My YouTube videos are being reuploaded by someone else, Intellectual Property Lawyer
I developed a new recipe and want to trademark it, Intellectual Property Lawyer
I wrote a screenplay and it's being used without my consent, Intellectual Property Lawyer
I need to register my domain name and protect it, Intellectual Property Lawyer
Someone is using my photos on their website, Intellectual Property Lawyer
I want to prevent others from using my company's slogan, Intellectual Property Lawyer
My software was pirated and is being distributed illegally, Intellectual Property Lawyer
I slipped and fell at a grocery store,Personal Injury Lawyer
I was injured in a car accident while driving to work,Personal Injury Lawyer
My child got bitten by a neighbor's dog,Personal Injury Lawyer
I tripped on a broken sidewalk and hurt my ankle,Personal Injury Lawyer
I was injured in a bicycle accident with a reckless driver,Personal Injury Lawyer
I suffered injuries in a slip-and-slide accident at a water park,Personal Injury Lawyer
I was injured in a workplace accident due to unsafe conditions,Personal Injury Lawyer
I got hurt in a bar fight due to inadequate security,Personal Injury Lawyer
I was injured by a defective product I purchased,Personal Injury Lawyer
I slipped on spilled liquid in a restaurant and broke my wrist,Personal Injury Lawyer
I sustained injuries in a motorcycle accident caused by negligence,Personal Injury Lawyer
I was bitten by a dog while visiting a friend's house,Personal Injury Lawyer
I suffered injuries in a construction site accident,Personal Injury Lawyer
I got hurt in a theme park ride due to malfunction,Personal Injury Lawyer
I was injured in a boating accident due to another boat's negligence,Personal Injury Lawyer
I got injured in a swimming pool due to lack of lifeguard supervision,Personal Injury Lawyer
I slipped on ice in a poorly maintained parking lot,Personal Injury Lawyer
I was injured by a falling object in a store,Personal Injury Lawyer
I suffered injuries in a public transportation accident,Personal Injury Lawyer
I was involved in a hit-and-run accident as a pedestrian,Personal Injury Lawyer
I received a notice from the IRS about unpaid taxes, Tax Lawyer
I need help with filing my income tax returns, Tax Lawyer
I want to claim deductions for my small business expenses, Tax Lawyer
I'm being audited by the IRS, Tax Lawyer
I need assistance with tax planning for my investments, Tax Lawyer
I want to negotiate a settlement for my tax debt, Tax Lawyer
I received a tax penalty for late filing, Tax Lawyer
I'm unsure how to report cryptocurrency gains for tax purposes, Tax Lawyer
I need advice on estate tax planning, Tax Lawyer
I want to dispute a property tax assessment, Tax Lawyer
I'm involved in a tax dispute with a foreign government, Tax Lawyer
I received a tax refund but it's less than expected, Tax Lawyer
I need help with a tax audit for my small business, Tax Lawyer
I'm facing allegations of tax evasion, Tax Lawyer
I want to explore tax credits for energy-efficient home improvements, Tax Lawyer
I'm dealing with a tax lien on my property, Tax Lawyer
I'm an international student and need assistance with U.S. tax filings, Tax Lawyer
I'm facing issues with sales tax compliance for my e-commerce business, Tax Lawyer
I need to report offshore bank accounts for tax purposes, Tax Lawyer
I received a tax assessment for my cryptocurrency transactions, Tax Lawyer
Legal Problem Text,Category
I received an IRS audit notice and need help, Tax Lawyer
I haven't filed my taxes in several years, Tax Lawyer
I'm self-employed and need assistance with tax deductions, Tax Lawyer
I'm facing a tax lien on my property, Tax Lawyer
I need help with tax planning for my small business, Tax Lawyer
I'm a freelancer and unsure about tax responsibilities, Tax Lawyer
I received a penalty for late tax filing, Tax Lawyer
I'm dealing with a tax dispute with a business partner, Tax Lawyer
I need to report offshore income for tax compliance, Tax Lawyer
I want to claim tax credits for energy-efficient home improvements, Tax Lawyer
I need assistance with estate tax planning, Tax Lawyer
I'm facing a tax audit for my cryptocurrency transactions, Tax Lawyer
I received a tax bill for an inheritance, Tax Lawyer
I want to explore tax-saving options for my investments, Tax Lawyer
I'm dealing with a tax investigation related to cryptocurrency, Tax Lawyer
I need help with property tax appeals, Tax Lawyer
I'm facing tax penalties due to late payroll tax payments, Tax Lawyer
I want to resolve tax issues related to rental income, Tax Lawyer
I received a notice for back taxes owed to the state, Tax Lawyer
I'm facing tax evasion allegations related to my business, Tax Lawyer
My freedom of speech was violated during a protest,Constitutional Lawyer
I was unlawfully searched during a traffic stop,Constitutional Lawyer
I'm facing discrimination due to my political beliefs at work,Constitutional Lawyer
My property rights were violated by a government agency,Constitutional Lawyer
I need to challenge a law that restricts my religious practices,Constitutional Lawyer
My right to privacy was invaded by government surveillance,Constitutional Lawyer
I'm being denied my right to a fair trial,Constitutional Lawyer
I want to challenge a local ordinance restricting my right to assemble,Constitutional Lawyer
My right to bear arms is being infringed upon,Constitutional Lawyer
I'm facing censorship on a social media platform,Constitutional Lawyer
I was arrested without a warrant violating my Fourth Amendment rights,Constitutional Lawyer
My property was seized without due process,Constitutional Lawyer
I want to challenge a state law that violates my equal protection rights,Constitutional Lawyer
I'm facing discrimination based on my gender identity,Constitutional Lawyer
My voting rights were denied due to gerrymandering,Constitutional Lawyer
I need to challenge a government policy that restricts my freedom of movement,Constitutional Lawyer
My right to a fair and speedy trial is being denied,Constitutional Lawyer
I want to challenge a law that violates my freedom of the press,Constitutional Lawyer
My right to peaceful protest was violated by law enforcement,Constitutional Lawyer
I'm facing discrimination based on my sexual orientation,Constitutional Lawyer
I believe my constitutional rights were violated during a police search,Constitutional Lawyer
My freedom of speech is being restricted,Constitutional Lawyer
My right to bear arms is being challenged,Constitutional Lawyer
I'm facing discrimination based on my race,Constitutional Lawyer
I'm dealing with a violation of my right to privacy,Constitutional Lawyer
I'm being subjected to cruel and unusual punishment,Constitutional Lawyer
I believe my Fourth Amendment rights were violated during an arrest,Constitutional Lawyer
I need assistance with a First Amendment issue related to freedom of religion,Constitutional Lawyer
My right to a fair trial is in question,Constitutional Lawyer
I'm facing issues related to freedom of the press,Constitutional Lawyer
I'm involved in a case related to freedom of assembly,Constitutional Lawyer
My right to due process is being denied,Constitutional Lawyer
I believe my Second Amendment rights are being infringed,Constitutional Lawyer
I need help with a case involving equal protection under the law,Constitutional Lawyer
I'm involved in a case related to the establishment clause,Constitutional Lawyer
I'm facing issues with the government's exercise of eminent domain,Constitutional Lawyer
I'm dealing with a case involving the right to vote,Constitutional Lawyer
My right to keep and bear arms is being challenged,Constitutional Lawyer
I'm facing issues with unreasonable searches and seizures,Constitutional Lawyer
I need assistance with a case related to double jeopardy,Constitutional Lawyer
I need legal advice for a contract with a movie producer for my screenplay,Entertainment Lawyer
My band is having a dispute over music royalties,Entertainment Lawyer
I want to trademark my stage name as an artist,Entertainment Lawyer
My script was stolen by another writer,Entertainment Lawyer
I need to negotiate a contract for a role in a film,Entertainment Lawyer
I'm facing copyright infringement claims for my video content,Entertainment Lawyer
I need help with a music licensing agreement for my new album,Entertainment Lawyer
I want to sue a film studio for breach of contract,Entertainment Lawyer
I'm facing a dispute with my agent over commissions,Entertainment Lawyer
I need assistance with a defamation case involving a celebrity,Entertainment Lawyer
I want to protect my original TV show idea,Entertainment Lawyer
I'm facing a lawsuit for using someone else's image in my ad campaign,Entertainment Lawyer
I need help negotiating a contract for a book adaptation into a movie,Entertainment Lawyer
My art was used without permission in an advertising campaign,Entertainment Lawyer
I need to settle a dispute with a production company over film rights,Entertainment Lawyer
I'm facing allegations of plagiarism in my screenplay,Entertainment Lawyer
I want to protect my video game idea from copyright infringement,Entertainment Lawyer
I'm involved in a contract dispute over music distribution,Entertainment Lawyer
I need assistance with a defamation case involving a social media post,Entertainment Lawyer
I'm facing legal issues with a documentary I'm producing,Entertainment Lawyer
I was fired unfairly without any warning,Employment and Labor Lawyer
My employer is not paying me for overtime work,Employment and Labor Lawyer
I'm being sexually harassed at my workplace,Employment and Labor Lawyer
My employer refuses to provide proper safety measures,Employment and Labor Lawyer
I need help negotiating a better severance package,Employment and Labor Lawyer
I believe I'm a victim of workplace discrimination,Employment and Labor Lawyer
My boss is creating a hostile work environment,Employment and Labor Lawyer
I'm not receiving my entitled vacation pay,Employment and Labor Lawyer
I want to file a complaint against my employer,Employment and Labor Lawyer
I need assistance with a workplace injury claim,Employment and Labor Lawyer
I'm facing retaliation for reporting misconduct,Employment and Labor Lawyer
My employer is violating labor laws Employment and Labor Lawyer
I have issues with unpaid wages and salaries,Employment and Labor Lawyer
I need help with employee benefits and pensions,Employment and Labor Lawyer
My employer is not providing reasonable accommodations,Employment and Labor Lawyer
I want to negotiate better terms in my employment contract,Employment and Labor Lawyer
I'm experiencing issues related to workplace harassment,Employment and Labor Lawyer
My employer is not complying with family and medical leave laws,Employment and Labor Lawyer
I need advice on workplace policy violations,Employment and Labor Lawyer
I believe I've been wrongfully terminated,Employment and Labor Lawyer
My employer didn't pay me my wages on time, Employment and Labor Lawyer
I was unfairly terminated from my job without notice, Employment and Labor Lawyer
I need help negotiating my employment contract, Employment and Labor Lawyer
My workplace is unsafe and I've been injured, Employment and Labor Lawyer
My employer isn't providing reasonable accommodations for my disability, Employment and Labor Lawyer
I'm facing workplace harassment from a coworker, Employment and Labor Lawyer
I've been denied overtime pay that I'm entitled to, Employment and Labor Lawyer
My employer is withholding my final paycheck, Employment and Labor Lawyer
I need advice on filing a workers' compensation claim, Employment and Labor Lawyer
I'm being forced to work in hazardous conditions, Employment and Labor Lawyer
My employer is discriminating against me based on my age, Employment and Labor Lawyer
I've been denied family or medical leave, Employment and Labor Lawyer
I believe I'm a victim of workplace retaliation, Employment and Labor Lawyer
My employer has breached my employment contract, Employment and Labor Lawyer
I'm dealing with non-compete agreement disputes, Employment and Labor Lawyer
My workplace has not paid me for the overtime hours I worked, Employment and Labor Lawyer
I need assistance with a wrongful termination claim, Employment and Labor Lawyer
I want to report illegal workplace practices, Employment and Labor Lawyer
I'm facing issues related to workplace privacy violations, Employment and Labor Lawyer
I've been denied reasonable accommodations for my religious beliefs, Employment and Labor Lawyer
My business partner wants to leave the company, Business (Corporate) Lawyer
I need to create a contract for a new business partnership, Business (Corporate) Lawyer
I want to start a franchise and need legal advice, Business (Corporate) Lawyer
I'm facing a dispute with my co-founder over company shares, Business (Corporate) Lawyer
I need to draft terms and conditions for my e-commerce website, Business (Corporate) Lawyer
I want to sell my business and need help with the sale agreement, Business (Corporate) Lawyer
My company is merging with another and I need legal guidance, Business (Corporate) Lawyer
I'm facing a shareholder disagreement in my corporation, Business (Corporate) Lawyer
I need assistance with intellectual property rights for my startup, Business (Corporate) Lawyer
I want to create a non-compete agreement for my employees, Business (Corporate) Lawyer
I need to resolve a contract dispute with a client, Business (Corporate) Lawyer
I want to trademark my company's logo and brand, Business (Corporate) Lawyer
I'm dealing with a breach of contract by a supplier, Business (Corporate) Lawyer
I need help with corporate governance and compliance, Business (Corporate) Lawyer
I'm facing a legal issue related to mergers and acquisitions, Business (Corporate) Lawyer
I need advice on regulatory compliance for my industry, Business (Corporate) Lawyer
I want to restructure my company and need legal assistance, Business (Corporate) Lawyer
I'm facing a lawsuit from a former business partner, Business (Corporate) Lawyer
I need to negotiate a business contract with a larger company, Business (Corporate) Lawyer
I want to expand my business internationally and need legal support, Business (Corporate) Lawyer
I'm going through a divorce and need child custody advice,Family Lawyer
My spouse and I are separating and need help with property division,Family Lawyer
I want to establish a child support agreement,Family Lawyer
I need a prenuptial agreement before getting married,Family Lawyer
My former partner is not paying alimony as ordered,Family Lawyer
I want to adopt a child and need legal assistance,Family Lawyer
I need to modify my existing child custody arrangement,Family Lawyer
I suspect my spouse is hiding assets during divorce,Family Lawyer
I'm a grandparent seeking visitation rights,Family Lawyer
My ex-spouse is not following the visitation schedule,Family Lawyer
I need to legally change my child's name,Family Lawyer
I want to protect my assets before getting married,Family Lawyer
My former partner is violating the restraining order,Family Lawyer
I'm concerned about my child's safety during visitation,Family Lawyer
I need to establish paternity for child support,Family Lawyer
I'm facing a domestic violence situation and need protection,Family Lawyer
I want to relocate with my child and need approval,Family Lawyer
My child's other parent is not contributing to expenses,Family Lawyer
I need to enforce a court-ordered visitation schedule,Family Lawyer
I want to appeal a family court decision,Family Lawyer